{
    "id": "en.genesistudio",
    "name": "Genesis Studio",
    "version": "1.0.0",
    "language": "en",
    "baseURL": "https://genesistudio.com",
    "contentRating": "mature",
    "description": "Read original novels and stories on Genesis Studio",
    "author": "Michael",
    "iconURL": "./icon.png",
    "capabilities": {
        "popular": true,
        "search": false,
        "latest": false,
        "filters": false
    },
    "files": {
        "template": "./template.js",
        "helpers": "./helpers.js"
    }
}
